location_id,avg_temp
1,5.971428571428571
2,11.157142857142857
3,9.914285714285715
